1,Makayla Michael,makayla@gmail.com,Is this Car still available?,2
1,Michael,michael@gmail.com,Is this car still available?,1
2,Makayla Michael,makayla@gmail.com,Still available?,2
3,Michael,michael@gmail.com,I want to get this,
Still available ?,3
1,Makayla Michael,makayla@gmail.com,Is this car still available?
I am interested,
looking forward to see ur response in the mail provided above, or you can call 09022334455,2
Makayla Michael,makayla@gmail.com,Is this car still available?  I am interested   looking forward to see ur response in the mail provided above  or you can call 09022334455,2
Michael,michael@gmail.com,Is this still available ?,5
John,john@gmail.com,I want this Car,2
